seed,trial,condition,n_base,n_stim,spikes_stim,spikes_base,d_DNa02_L,s_DNa02_L,d_DNa02_R,s_DNa02_R,d_DNa01_L,s_DNa01_L,d_DNa01_R,s_DNa01_R,d_MDN,s_MDN,d_DNp09,s_DNp09,d_DNp01,s_DNp01,d_DNp02,s_DNp02,d_DNp04,s_DNp04,d_turn,d_fwd,d_escape
2026,0,disc,49,100,28573.57,26858.85714285714,-1.6632653061224492,6.5,0.0,0.0,0.0,0.0,0.0,0.0,0.0,0.0,0.0,0.0,0.0,0.0,3.5,3.5,10.979591836734693,12.0,1.6632653061224492,0.0,10.979591836734693
2026,1,grating_R,50,100,27251.69,28154.52,-7.5,5.5,0.0,0.0,0.0,0.0,0.0,0.0,0.0,0.0,0.0,0.0,0.0,0.0,-1.25,0.25,-3.5,2.5,7.5,0.0,0.0
2026,2,grating_R,50,100,27209.51,27276.48,-8.0,4.0,0.0,0.0,0.0,0.0,0.0,0.0,0.0,0.0,0.0,0.0,0.0,0.0,-0.5,0.0,-0.5,1.0,8.0,0.0,0.0
2026,3,grating_L,50,100,27172.27,27128.9,-2.5,4.5,0.0,0.0,0.0,0.0,0.0,0.0,0.0,0.0,0.0,0.0,0.0,0.0,-1.0,0.0,-3.0,2.0,2.5,0.0,0.0
2026,4,grating_L,50,100,27160.06,27181.4,4.0,7.0,0.0,0.0,0.0,0.0,0.0,0.0,0.0,0.0,0.0,0.0,0.0,0.0,0.0,0.0,-1.5,0.5,-4.0,0.0,0.0
2026,5,grating_L,50,100,27173.55,27221.26,-1.5,5.5,0.0,0.0,0.0,0.0,0.0,0.0,0.0,0.0,0.0,0.0,0.0,0.0,-0.25,0.25,-1.0,3.0,1.5,0.0,0.0
2026,6,bright_L,50,100,27088.28,27218.44,1.5,10.5,0.0,0.0,0.0,0.0,0.0,0.0,0.0,0.0,0.0,0.0,0.0,0.0,0.0,0.0,0.0,2.0,-1.5,0.0,0.0
2026,7,grating_R,50,100,27221.07,27246.98,-5.0,7.0,0.0,0.0,0.0,0.0,0.0,0.0,0.0,0.0,0.0,0.0,0.0,0.0,0.25,0.25,-1.0,2.0,5.0,0.0,0.25
2026,8,bright_R,50,100,27147.61,27310.54,2.5,6.5,0.0,0.0,0.0,0.0,0.0,0.0,0.0,0.0,0.0,0.0,0.0,0.0,-1.0,0.5,-1.25,4.25,-2.5,0.0,0.0
2026,9,grating_L,50,100,27205.23,27244.42,2.5,6.5,0.0,0.0,0.0,0.0,0.0,0.0,0.0,0.0,0.0,0.0,0.0,0.0,0.25,0.25,0.5,2.0,-2.5,0.0,0.5
2026,10,bright_R,50,100,27131.93,27296.54,3.5,6.5,0.0,0.0,0.0,0.0,0.0,0.0,0.0,0.0,0.0,0.0,0.0,0.0,0.0,0.0,0.25,1.75,-3.5,0.0,0.25
2026,11,grating_R,50,100,27195.51,27317.42,1.5,7.5,0.0,0.0,0.0,0.0,0.0,0.0,0.0,0.0,0.0,0.0,0.0,0.0,0.0,0.0,0.0,1.5,-1.5,0.0,0.0
2026,12,grating_L,50,100,27242.15,27263.92,-4.0,4.0,0.0,0.0,0.0,0.0,0.0,0.0,0.0,0.0,0.0,0.0,0.0,0.0,-2.5,0.0,-4.25,0.75,4.0,0.0,0.0
2026,13,disc,50,100,28537.97,27350.16,6.0,10.0,0.0,0.0,0.0,0.0,0.0,0.0,0.0,0.0,0.0,0.0,0.0,0.0,4.75,4.75,14.25,16.25,-6.0,0.0,14.25
2026,14,loom,50,100,29202.1,27898.16,-1.5,6.5,0.0,0.0,0.0,0.0,0.0,0.0,0.0,0.0,0.0,0.0,0.0,0.0,9.25,9.25,24.25,28.25,1.5,0.0,24.25
2026,15,disc,50,100,28882.19,29102.26,4.0,6.0,0.0,0.0,0.0,0.0,0.0,0.0,0.0,0.0,0.0,0.0,0.0,0.0,1.25,6.25,4.0,21.0,-4.0,0.0,4.0
2026,16,grey,50,100,27521.34,28205.86,-4.5,7.5,0.0,0.0,0.0,0.0,0.0,0.0,0.0,0.0,0.0,0.0,0.0,0.0,-2.0,0.0,-9.0,1.0,4.5,0.0,0.0
2026,17,bright_R,50,100,26986.07,27479.42,5.0,10.0,0.0,0.0,0.0,0.0,0.0,0.0,0.0,0.0,0.0,0.0,0.0,0.0,-0.25,0.25,0.0,3.0,-5.0,0.0,0.0
2026,18,disc,50,100,28490.21,26996.84,1.5,6.5,0.0,0.0,0.0,0.0,0.0,0.0,0.0,0.0,0.0,0.0,0.0,0.0,2.5,2.5,12.0,13.0,-1.5,0.0,12.0
2026,19,disc,50,100,28605.45,28189.08,-2.0,6.0,0.0,0.0,0.0,0.0,0.0,0.0,0.0,0.0,0.0,0.0,0.0,0.0,2.0,3.0,7.25,11.25,2.0,0.0,7.25
2026,20,disc,50,100,28561.87,28260.88,-9.5,5.5,0.0,0.0,0.0,0.0,0.0,0.0,0.0,0.0,0.0,0.0,0.0,0.0,3.25,4.25,7.5,14.5,9.5,0.0,7.5
2026,21,bright_L,50,100,27078.45,28158.88,-7.0,7.0,0.0,0.0,0.0,0.0,0.0,0.0,0.0,0.0,0.0,0.0,0.0,0.0,-2.25,0.25,-6.0,3.5,7.0,0.0,0.0
2026,22,grating_R,50,100,27065.53,27109.98,-5.5,4.5,0.0,0.0,0.0,0.0,0.0,0.0,0.0,0.0,0.0,0.0,0.0,0.0,0.25,0.25,0.5,3.5,5.5,0.0,0.5
2026,23,grating_R,50,100,27048.84,27089.86,-3.0,5.0,0.0,0.0,0.0,0.0,0.0,0.0,0.0,0.0,0.0,0.0,0.0,0.0,0.5,0.5,1.0,2.5,3.0,0.0,1.0
2026,24,loom,50,100,29075.64,27227.66,-2.5,7.5,0.0,0.0,0.0,0.0,0.0,0.0,0.0,0.0,0.0,0.0,0.0,0.0,12.5,12.5,27.25,28.25,2.5,0.0,27.25
2026,25,grating_L,50,100,27224.34,28429.34,-4.0,7.0,0.0,0.0,0.0,0.0,0.0,0.0,0.0,0.0,0.0,0.0,0.0,0.0,-3.0,0.5,-12.75,1.75,4.0,0.0,0.0
2026,26,grating_R,50,100,27102.25,27183.38,-4.0,4.0,0.0,0.0,0.0,0.0,0.0,0.0,0.0,0.0,0.0,0.0,0.0,0.0,0.5,0.5,0.0,2.5,4.0,0.0,0.5
2026,27,grating_L,50,100,27125.68,27274.24,5.0,7.0,0.0,0.0,0.0,0.0,0.0,0.0,0.0,0.0,0.0,0.0,0.0,0.0,1.0,1.0,2.75,4.75,-5.0,0.0,2.75
2026,28,bright_R,50,100,27063.91,27277.32,3.0,9.0,0.0,0.0,0.0,0.0,0.0,0.0,0.0,0.0,0.0,0.0,0.0,0.0,0.5,0.5,0.75,2.25,-3.0,0.0,0.75
2026,29,disc,50,100,28779.73,27362.88,8.5,8.5,0.0,0.0,0.0,0.0,0.0,0.0,0.0,0.0,0.0,0.0,0.0,0.0,2.75,2.75,13.0,17.0,-8.5,0.0,13.0
2026,30,grey,50,100,28123.69,28589.48,-0.5,7.5,0.0,0.0,0.0,0.0,0.0,0.0,0.0,0.0,0.0,0.0,0.0,0.0,-2.5,1.5,-6.5,8.5,0.5,0.0,0.0
2026,31,grating_L,50,100,27425.95,28194.16,1.5,7.5,0.0,0.0,0.0,0.0,0.0,0.0,0.0,0.0,0.0,0.0,0.0,0.0,-1.5,1.0,-2.0,7.0,-1.5,0.0,0.0
2026,32,grey,50,100,27807.12,27490.14,-0.5,8.5,0.0,0.0,0.0,0.0,0.0,0.0,0.0,0.0,0.0,0.0,0.0,0.0,0.0,1.0,-3.5,4.5,0.5,0.0,0.0
2026,33,grating_R,50,100,27388.48,27817.48,-3.0,5.0,0.0,0.0,0.0,0.0,0.0,0.0,0.0,0.0,0.0,0.0,0.0,0.0,-0.25,0.25,-1.5,2.5,3.0,0.0,0.0
2026,34,grey,50,100,27949.05,27620.66,1.5,5.5,0.0,0.0,0.0,0.0,0.0,0.0,0.0,0.0,0.0,0.0,0.0,0.0,-0.25,0.25,-0.5,3.5,-1.5,0.0,0.0
2026,35,loom,50,100,29389.7,28027.48,2.0,6.0,0.0,0.0,0.0,0.0,0.0,0.0,0.0,0.0,0.0,0.0,0.0,0.0,7.75,8.25,18.75,23.75,-2.0,0.0,18.75
2026,36,grey,50,100,28516.82,29035.8,-4.5,4.5,0.0,0.0,0.0,0.0,0.0,0.0,0.0,0.0,0.0,0.0,0.0,0.0,-4.75,2.25,-15.5,9.0,4.5,0.0,0.0
2026,37,bright_R,50,100,27661.4,28691.7,1.5,7.5,0.0,0.0,0.0,0.0,0.0,0.0,0.0,0.0,0.0,0.0,0.0,0.0,-1.25,1.75,-4.5,10.5,-1.5,0.0,0.0
2026,38,disc,50,100,29066.78,27835.66,-2.5,4.5,0.0,0.0,0.0,0.0,0.0,0.0,0.0,0.0,0.0,0.0,0.0,0.0,6.75,6.75,21.0,23.0,2.5,0.0,21.0
2026,39,grey,50,100,28785.41,28989.2,-3.0,6.0,0.0,0.0,0.0,0.0,0.0,0.0,0.0,0.0,0.0,0.0,0.0,0.0,1.0,3.5,-1.75,13.25,3.0,0.0,1.0
2026,40,disc,50,100,29224.92,28735.76,-1.5,6.5,0.0,0.0,0.0,0.0,0.0,0.0,0.0,0.0,0.0,0.0,0.0,0.0,5.75,7.25,15.75,25.25,1.5,0.0,15.75
2026,41,grating_R,50,100,27837.78,29005.56,0.5,5.5,0.0,0.0,0.0,0.0,0.0,0.0,0.0,0.0,0.0,0.0,0.0,0.0,-10.0,1.0,-21.5,7.0,-0.5,0.0,0.0
2026,42,bright_L,50,100,27423.9,27965.9,4.0,12.0,0.0,0.0,0.0,0.0,0.0,0.0,0.0,0.0,0.0,0.0,0.0,0.0,-1.75,1.25,-8.0,3.5,-4.0,0.0,0.0
2026,43,grey,50,100,28242.62,27841.72,-4.0,6.0,0.0,0.0,0.0,0.0,0.0,0.0,0.0,0.0,0.0,0.0,0.0,0.0,1.0,2.0,8.5,10.5,4.0,0.0,8.5
2026,44,grating_L,50,100,27540.11,28231.1,2.0,10.0,0.0,0.0,0.0,0.0,0.0,0.0,0.0,0.0,0.0,0.0,0.0,0.0,0.25,0.75,-0.5,6.0,-2.0,0.0,0.25
2026,45,grating_R,50,100,27569.79,27932.32,0.5,8.5,0.0,0.0,0.0,0.0,0.0,0.0,0.0,0.0,0.0,0.0,0.0,0.0,-1.5,0.5,-4.75,4.25,-0.5,0.0,0.0
2026,46,loom,50,100,29474.37,27832.12,0.0,5.0,0.0,0.0,0.0,0.0,0.0,0.0,0.0,0.0,0.0,0.0,0.0,0.0,11.25,12.75,27.0,32.5,0.0,0.0,27.0
2026,47,grey,50,100,28719.62,29161.16,-6.0,8.0,0.0,0.0,0.0,0.0,0.0,0.0,0.0,0.0,0.0,0.0,0.0,0.0,-4.25,2.25,-9.75,11.75,6.0,0.0,0.0
2026,48,grey,50,100,28699.26,28693.48,-1.0,8.0,0.0,0.0,0.0,0.0,0.0,0.0,0.0,0.0,0.0,0.0,0.0,0.0,1.25,1.75,1.25,9.75,1.0,0.0,1.25
2026,49,grating_R,50,100,27785.36,28735.98,3.0,8.0,0.0,0.0,0.0,0.0,0.0,0.0,0.0,0.0,0.0,0.0,0.0,0.0,-0.25,1.25,-2.5,8.0,-3.0,0.0,0.0
2026,50,grating_R,50,100,27588.31,27942.82,-6.0,4.0,0.0,0.0,0.0,0.0,0.0,0.0,0.0,0.0,0.0,0.0,0.0,0.0,0.5,0.5,2.75,4.75,6.0,0.0,2.75
2026,51,loom,50,100,29412.56,27820.1,2.5,8.5,0.0,0.0,0.0,0.0,0.0,0.0,0.0,0.0,0.0,0.0,0.0,0.0,11.0,11.5,22.5,30.0,-2.5,0.0,22.5
2026,52,grating_L,50,100,27766.15,29059.54,-4.5,5.5,0.0,0.0,0.0,0.0,0.0,0.0,0.0,0.0,0.0,0.0,0.0,0.0,-7.0,0.5,-18.25,5.25,4.5,0.0,0.0
2026,53,disc,50,100,29177.67,27874.54,5.5,7.5,0.0,0.0,0.0,0.0,0.0,0.0,0.0,0.0,0.0,0.0,0.0,0.0,8.25,8.25,21.5,26.0,-5.5,0.0,21.5
2026,54,bright_L,50,100,27649.74,29068.72,6.5,13.5,0.0,0.0,0.0,0.0,0.0,0.0,0.0,0.0,0.0,0.0,0.0,0.0,-4.0,1.0,-13.25,6.25,-6.5,0.0,0.0
2026,55,bright_L,50,100,27447.63,27917.82,6.0,14.0,0.0,0.0,0.0,0.0,0.0,0.0,0.0,0.0,0.0,0.0,0.0,0.0,0.5,1.0,-0.5,4.5,-6.0,0.0,0.5
2026,56,disc,50,100,29091.03,27836.68,-5.0,8.0,0.0,0.0,0.0,0.0,0.0,0.0,0.0,0.0,0.0,0.0,0.0,0.0,7.75,8.75,18.5,26.5,5.0,0.0,18.5
2026,57,disc,50,100,29258.06,28975.08,-0.5,7.5,0.0,0.0,0.0,0.0,0.0,0.0,0.0,0.0,0.0,0.0,0.0,0.0,-2.75,5.75,-9.0,19.5,0.5,0.0,0.0
2026,58,grey,50,100,28789.25,29063.04,-2.0,8.0,0.0,0.0,0.0,0.0,0.0,0.0,0.0,0.0,0.0,0.0,0.0,0.0,-1.0,2.5,0.25,13.75,2.0,0.0,0.25
2026,59,loom,50,100,29549.45,28789.66,2.0,9.0,0.0,0.0,0.0,0.0,0.0,0.0,0.0,0.0,0.0,0.0,0.0,0.0,6.0,8.0,15.25,26.25,-2.0,0.0,15.25
2026,60,grating_R,50,100,27823.33,29109.62,-2.5,11.5,0.0,0.0,0.0,0.0,0.0,0.0,0.0,0.0,0.0,0.0,0.0,0.0,-3.5,2.0,-15.25,7.25,2.5,0.0,0.0
2026,61,grey,50,100,28258.81,27939.1,-0.5,7.5,0.0,0.0,0.0,0.0,0.0,0.0,0.0,0.0,0.0,0.0,0.0,0.0,-1.0,1.5,1.75,9.75,0.5,0.0,1.75
2026,62,bright_R,50,100,27483.07,28241.96,-1.5,7.5,0.0,0.0,0.0,0.0,0.0,0.0,0.0,0.0,0.0,0.0,0.0,0.0,0.75,0.75,1.5,6.5,1.5,0.0,1.5
2026,63,loom,50,100,29503.4,27966.72,1.0,6.0,0.0,0.0,0.0,0.0,0.0,0.0,0.0,0.0,0.0,0.0,0.0,0.0,11.75,12.25,26.25,33.25,-1.0,0.0,26.25
2026,64,grating_R,50,100,27855.66,29117.84,-2.5,9.5,0.0,0.0,0.0,0.0,0.0,0.0,0.0,0.0,0.0,0.0,0.0,0.0,-4.75,1.25,-12.5,8.0,2.5,0.0,0.0
2026,65,grating_L,50,100,27697.72,28016.42,0.0,8.0,0.0,0.0,0.0,0.0,0.0,0.0,0.0,0.0,0.0,0.0,0.0,0.0,-0.75,0.25,-2.0,3.5,0.0,0.0,0.0
2026,66,grating_R,50,100,27767.21,27861.54,2.5,10.5,0.0,0.0,0.0,0.0,0.0,0.0,0.0,0.0,0.0,0.0,0.0,0.0,-1.75,0.25,-2.75,4.25,-2.5,0.0,0.0
2026,67,bright_L,50,100,27484.8,27953.86,1.5,9.5,0.0,0.0,0.0,0.0,0.0,0.0,0.0,0.0,0.0,0.0,0.0,0.0,0.0,1.0,-0.5,5.0,-1.5,0.0,0.0
2026,68,grating_L,50,100,27722.51,28031.96,-5.5,3.5,0.0,0.0,0.0,0.0,0.0,0.0,0.0,0.0,0.0,0.0,0.0,0.0,-3.0,0.5,-7.0,3.5,5.5,0.0,0.0
2026,69,bright_L,50,100,27607.34,27964.96,6.0,10.0,0.0,0.0,0.0,0.0,0.0,0.0,0.0,0.0,0.0,0.0,0.0,0.0,-1.0,1.0,-1.5,4.5,-6.0,0.0,0.0
2026,70,grey,50,100,28477.09,28099.76,-1.0,10.0,0.0,0.0,0.0,0.0,0.0,0.0,0.0,0.0,0.0,0.0,0.0,0.0,-0.75,1.25,1.0,10.5,1.0,0.0,1.0
2026,71,grating_R,50,100,27782.75,28414.82,1.0,9.0,0.0,0.0,0.0,0.0,0.0,0.0,0.0,0.0,0.0,0.0,0.0,0.0,-0.5,1.5,-6.25,4.75,-1.0,0.0,0.0
2026,72,bright_R,50,100,27692.27,28160.64,0.0,8.0,0.0,0.0,0.0,0.0,0.0,0.0,0.0,0.0,0.0,0.0,0.0,0.0,-1.5,1.0,-5.75,4.25,0.0,0.0,0.0
2026,73,grating_L,50,100,27877.32,28212.48,-3.0,7.0,0.0,0.0,0.0,0.0,0.0,0.0,0.0,0.0,0.0,0.0,0.0,0.0,-2.75,1.25,-8.5,5.0,3.0,0.0,0.0
2026,74,bright_L,50,100,27684.94,28137.66,5.0,13.0,0.0,0.0,0.0,0.0,0.0,0.0,0.0,0.0,0.0,0.0,0.0,0.0,-2.25,1.25,-1.5,6.0,-5.0,0.0,0.0
2026,75,bright_L,50,100,27767.16,28194.64,3.5,12.5,0.0,0.0,0.0,0.0,0.0,0.0,0.0,0.0,0.0,0.0,0.0,0.0,-2.75,1.25,-5.0,7.0,-3.5,0.0,0.0
2026,76,bright_R,50,100,27741.81,28240.04,-4.0,6.0,0.0,0.0,0.0,0.0,0.0,0.0,0.0,0.0,0.0,0.0,0.0,0.0,-2.0,0.5,-5.25,5.25,4.0,0.0,0.0
2026,77,bright_L,50,100,27698.07,28266.04,2.0,8.0,0.0,0.0,0.0,0.0,0.0,0.0,0.0,0.0,0.0,0.0,0.0,0.0,-1.0,1.5,-10.25,4.25,-2.0,0.0,0.0
2026,78,grating_L,50,100,27923.57,28109.26,-4.5,6.5,0.0,0.0,0.0,0.0,0.0,0.0,0.0,0.0,0.0,0.0,0.0,0.0,-1.0,1.5,-3.0,8.0,4.5,0.0,0.0
2026,79,bright_R,50,100,27817.44,28276.94,1.5,8.5,0.0,0.0,0.0,0.0,0.0,0.0,0.0,0.0,0.0,0.0,0.0,0.0,1.25,1.25,3.0,7.5,-1.5,0.0,3.0
2026,80,grey,50,100,28712.76,28249.34,2.0,7.0,0.0,0.0,0.0,0.0,0.0,0.0,0.0,0.0,0.0,0.0,0.0,0.0,0.5,3.0,1.75,12.25,-2.0,0.0,1.75
2026,81,grating_L,50,100,27917.19,28742.48,-2.5,6.5,0.0,0.0,0.0,0.0,0.0,0.0,0.0,0.0,0.0,0.0,0.0,0.0,-0.25,1.25,-3.5,8.5,2.5,0.0,0.0
2026,82,bright_L,50,100,27768.54,28386.3,-3.0,9.0,0.0,0.0,0.0,0.0,0.0,0.0,0.0,0.0,0.0,0.0,0.0,0.0,1.0,2.0,-2.5,7.0,3.0,0.0,1.0
2026,83,disc,50,100,29341.06,28295.86,1.0,9.0,0.0,0.0,0.0,0.0,0.0,0.0,0.0,0.0,0.0,0.0,0.0,0.0,2.75,7.25,10.5,24.0,-1.0,0.0,10.5
2026,84,bright_L,50,100,27993.9,29367.72,9.5,15.5,0.0,0.0,0.0,0.0,0.0,0.0,0.0,0.0,0.0,0.0,0.0,0.0,-8.0,1.0,-23.25,4.75,-9.5,0.0,0.0
2026,85,disc,50,100,29361.31,28292.96,-5.0,7.0,0.0,0.0,0.0,0.0,0.0,0.0,0.0,0.0,0.0,0.0,0.0,0.0,9.0,11.5,19.25,30.75,5.0,0.0,19.25
2026,86,loom,50,100,29711.07,29369.38,-2.5,8.5,0.0,0.0,0.0,0.0,0.0,0.0,0.0,0.0,0.0,0.0,0.0,0.0,3.5,10.0,7.0,29.0,2.5,0.0,7.0
2026,87,loom,50,100,29731.07,29458.58,-0.5,9.5,0.0,0.0,0.0,0.0,0.0,0.0,0.0,0.0,0.0,0.0,0.0,0.0,-1.0,13.0,-0.25,33.25,0.5,0.0,0.0
2026,88,grating_L,50,100,28234.65,29464.72,-1.5,5.5,0.0,0.0,0.0,0.0,0.0,0.0,0.0,0.0,0.0,0.0,0.0,0.0,-6.25,2.25,-19.5,12.0,1.5,0.0,0.0
2026,89,bright_L,50,100,27862.77,28343.5,3.0,10.0,0.0,0.0,0.0,0.0,0.0,0.0,0.0,0.0,0.0,0.0,0.0,0.0,-2.25,0.75,-3.5,6.0,-3.0,0.0,0.0
2026,90,loom,50,100,29702.22,28367.22,-2.5,8.5,0.0,0.0,0.0,0.0,0.0,0.0,0.0,0.0,0.0,0.0,0.0,0.0,12.5,14.5,26.0,35.5,2.5,0.0,26.0
2026,91,bright_R,50,100,28135.08,29440.98,0.0,9.0,0.0,0.0,0.0,0.0,0.0,0.0,0.0,0.0,0.0,0.0,0.0,0.0,-9.0,3.5,-21.25,11.75,0.0,0.0,0.0
2026,92,disc,50,100,29341.37,28389.38,1.0,9.0,0.0,0.0,0.0,0.0,0.0,0.0,0.0,0.0,0.0,0.0,0.0,0.0,5.75,9.75,16.5,28.0,-1.0,0.0,16.5
2026,93,grating_L,50,100,28258.08,29392.78,0.0,9.0,0.0,0.0,0.0,0.0,0.0,0.0,0.0,0.0,0.0,0.0,0.0,0.0,-8.5,3.5,-20.5,11.0,0.0,0.0,0.0
2026,94,loom,50,100,29652.69,28485.4,-0.5,7.5,0.0,0.0,0.0,0.0,0.0,0.0,0.0,0.0,0.0,0.0,0.0,0.0,10.25,13.75,22.75,34.75,0.5,0.0,22.75
2026,95,bright_R,50,100,28010.23,29435.8,1.0,10.0,0.0,0.0,0.0,0.0,0.0,0.0,0.0,0.0,0.0,0.0,0.0,0.0,-9.5,1.0,-21.25,6.25,-1.0,0.0,0.0
2026,96,bright_R,50,100,27859.41,28241.02,1.0,8.0,0.0,0.0,0.0,0.0,0.0,0.0,0.0,0.0,0.0,0.0,0.0,0.0,-2.25,1.75,-4.0,7.5,-1.0,0.0,0.0
2026,97,loom,50,100,29571.76,28410.88,-0.5,6.5,0.0,0.0,0.0,0.0,0.0,0.0,0.0,0.0,0.0,0.0,0.0,0.0,4.25,9.75,14.0,28.5,0.5,0.0,14.0
2026,98,loom,50,100,29673.44,29411.4,-0.5,8.5,0.0,0.0,0.0,0.0,0.0,0.0,0.0,0.0,0.0,0.0,0.0,0.0,3.5,13.0,3.25,31.25,0.5,0.0,3.5
2026,99,bright_L,50,100,28033.04,29542.64,11.0,15.0,0.0,0.0,0.0,0.0,0.0,0.0,0.0,0.0,0.0,0.0,0.0,0.0,-4.5,3.5,-14.75,11.75,-11.0,0.0,0.0
2026,100,grating_R,50,100,28013.27,28425.92,-0.5,8.5,0.0,0.0,0.0,0.0,0.0,0.0,0.0,0.0,0.0,0.0,0.0,0.0,-0.25,2.25,2.25,10.75,0.5,0.0,2.25
2026,101,grating_R,50,100,28060.99,28417.4,-0.5,5.5,0.0,0.0,0.0,0.0,0.0,0.0,0.0,0.0,0.0,0.0,0.0,0.0,-3.25,0.75,-7.5,6.5,0.5,0.0,0.0
2026,102,grating_L,50,100,28141.32,28386.02,-1.5,5.5,0.0,0.0,0.0,0.0,0.0,0.0,0.0,0.0,0.0,0.0,0.0,0.0,0.0,2.0,1.0,9.5,1.5,0.0,1.0
2026,103,grating_L,50,100,28059.5,28388.16,4.0,10.0,0.0,0.0,0.0,0.0,0.0,0.0,0.0,0.0,0.0,0.0,0.0,0.0,-3.5,2.5,-5.75,11.25,-4.0,0.0,0.0
2026,104,grey,50,100,28942.95,28531.06,-1.0,6.0,0.0,0.0,0.0,0.0,0.0,0.0,0.0,0.0,0.0,0.0,0.0,0.0,0.25,6.75,3.75,22.25,1.0,0.0,3.75
2026,105,grating_L,50,100,28202.03,28971.42,0.5,9.5,0.0,0.0,0.0,0.0,0.0,0.0,0.0,0.0,0.0,0.0,0.0,0.0,-1.25,3.25,-7.75,13.25,-0.5,0.0,0.0
2026,106,disc,50,100,29326.04,28609.16,4.0,11.0,0.0,0.0,0.0,0.0,0.0,0.0,0.0,0.0,0.0,0.0,0.0,0.0,12.5,13.5,27.0,36.5,-4.0,0.0,27.0
2026,107,disc,50,100,29423.53,29461.7,2.0,8.0,0.0,0.0,0.0,0.0,0.0,0.0,0.0,0.0,0.0,0.0,0.0,0.0,0.5,9.0,0.75,24.75,-2.0,0.0,0.75
2026,108,grey,50,100,29449.38,29481.3,2.0,6.0,0.0,0.0,0.0,0.0,0.0,0.0,0.0,0.0,0.0,0.0,0.0,0.0,-1.75,8.75,-0.75,27.25,-2.0,0.0,0.0
2026,109,grey,50,100,28817.67,29453.42,1.0,9.0,0.0,0.0,0.0,0.0,0.0,0.0,0.0,0.0,0.0,0.0,0.0,0.0,0.0,8.5,0.0,26.5,-1.0,0.0,0.0
2026,110,bright_L,50,100,28315.45,29455.48,4.0,10.0,0.0,0.0,0.0,0.0,0.0,0.0,0.0,0.0,0.0,0.0,0.0,0.0,-5.5,4.0,-14.5,14.0,-4.0,0.0,0.0
2026,111,loom,50,100,29647.88,28512.1,-5.5,7.5,0.0,0.0,0.0,0.0,0.0,0.0,0.0,0.0,0.0,0.0,0.0,0.0,9.25,15.25,20.0,36.5,5.5,0.0,20.0
2026,112,grey,50,100,29503.6,29646.5,3.0,7.0,0.0,0.0,0.0,0.0,0.0,0.0,0.0,0.0,0.0,0.0,0.0,0.0,-3.75,8.25,-10.25,28.25,-3.0,0.0,0.0
2026,113,loom,50,100,29771.86,29517.22,2.5,10.5,0.0,0.0,0.0,0.0,0.0,0.0,0.0,0.0,0.0,0.0,0.0,0.0,1.5,14.5,1.5,37.0,-2.5,0.0,1.5
2026,114,grating_L,50,100,28509.54,29611.54,1.5,8.5,0.0,0.0,0.0,0.0,0.0,0.0,0.0,0.0,0.0,0.0,0.0,0.0,-7.5,5.5,-22.5,16.5,-1.5,0.0,0.0
2026,115,loom,50,100,29689.46,28833.12,0.5,7.5,0.0,0.0,0.0,0.0,0.0,0.0,0.0,0.0,0.0,0.0,0.0,0.0,8.0,14.0,17.0,34.5,-0.5,0.0,17.0
2026,116,grating_L,50,100,28470.43,29677.18,0.5,6.5,0.0,0.0,0.0,0.0,0.0,0.0,0.0,0.0,0.0,0.0,0.0,0.0,-13.0,5.0,-26.75,16.25,-0.5,0.0,0.0
2026,117,loom,50,100,29666.65,28720.58,4.0,12.0,0.0,0.0,0.0,0.0,0.0,0.0,0.0,0.0,0.0,0.0,0.0,0.0,10.25,15.75,21.0,38.5,-4.0,0.0,21.0
2026,118,grating_L,50,100,28580.28,29694.04,12.5,14.5,0.0,0.0,0.0,0.0,0.0,0.0,0.0,0.0,0.0,0.0,0.0,0.0,-7.75,3.75,-16.5,16.0,-12.5,0.0,0.0
2026,119,loom,50,100,29737.05,28792.78,-0.5,7.5,0.0,0.0,0.0,0.0,0.0,0.0,0.0,0.0,0.0,0.0,0.0,0.0,8.75,14.75,17.75,37.25,0.5,0.0,17.75
2026,120,bright_L,50,100,28435.2,29684.88,8.5,13.5,0.0,0.0,0.0,0.0,0.0,0.0,0.0,0.0,0.0,0.0,0.0,0.0,-10.75,4.75,-24.0,16.0,-8.5,0.0,0.0
2026,121,bright_L,50,100,28306.4,28652.98,4.0,15.0,0.0,0.0,0.0,0.0,0.0,0.0,0.0,0.0,0.0,0.0,0.0,0.0,-1.0,3.5,-5.25,11.75,-4.0,0.0,0.0
2026,122,loom,50,100,29701.62,28826.24,-3.0,7.0,0.0,0.0,0.0,0.0,0.0,0.0,0.0,0.0,0.0,0.0,0.0,0.0,8.5,17.0,21.0,43.0,3.0,0.0,21.0
2026,123,loom,50,100,29803.85,29754.18,3.5,8.5,0.0,0.0,0.0,0.0,0.0,0.0,0.0,0.0,0.0,0.0,0.0,0.0,-1.0,16.5,-4.25,39.75,-3.5,0.0,0.0
2026,124,grey,50,100,29608.5,29739.46,-3.0,6.0,0.0,0.0,0.0,0.0,0.0,0.0,0.0,0.0,0.0,0.0,0.0,0.0,-0.75,13.25,-2.5,32.5,3.0,0.0,0.0
2026,125,grey,50,100,29651.48,29614.16,4.5,8.5,0.0,0.0,0.0,0.0,0.0,0.0,0.0,0.0,0.0,0.0,0.0,0.0,-3.75,11.75,-6.25,30.75,-4.5,0.0,0.0
2026,126,bright_L,50,100,28658.47,29637.74,9.0,16.0,0.0,0.0,0.0,0.0,0.0,0.0,0.0,0.0,0.0,0.0,0.0,0.0,-7.5,5.0,-20.75,18.75,-9.0,0.0,0.0
2026,127,grating_L,50,100,28641.65,28907.96,-2.5,8.5,0.0,0.0,0.0,0.0,0.0,0.0,0.0,0.0,0.0,0.0,0.0,0.0,-1.75,4.75,-2.0,16.0,2.5,0.0,0.0
2026,128,grating_L,50,100,28657.39,29000.54,-1.5,8.5,0.0,0.0,0.0,0.0,0.0,0.0,0.0,0.0,0.0,0.0,0.0,0.0,-3.75,5.25,-8.75,15.25,1.5,0.0,0.0
2026,129,bright_R,50,100,28572.43,29009.9,2.0,9.0,0.0,0.0,0.0,0.0,0.0,0.0,0.0,0.0,0.0,0.0,0.0,0.0,-5.25,3.75,-16.5,13.5,-2.0,0.0,0.0
2026,130,bright_L,50,100,28526.29,28954.16,2.5,12.5,0.0,0.0,0.0,0.0,0.0,0.0,0.0,0.0,0.0,0.0,0.0,0.0,-6.5,2.0,-13.0,11.5,-2.5,0.0,0.0
2026,131,bright_R,50,100,28593.29,28989.0,-0.5,8.5,0.0,0.0,0.0,0.0,0.0,0.0,0.0,0.0,0.0,0.0,0.0,0.0,-3.5,3.5,-9.0,13.0,0.5,0.0,0.0
2026,132,disc,50,100,29510.72,29019.26,3.0,8.0,0.0,0.0,0.0,0.0,0.0,0.0,0.0,0.0,0.0,0.0,0.0,0.0,4.0,10.5,5.5,28.0,-3.0,0.0,5.5
2026,133,grey,50,100,29678.78,25556.28,-4.0,5.0,0.0,0.0,0.0,0.0,0.0,0.0,0.0,0.0,0.0,0.0,0.0,0.0,7.75,13.25,21.75,38.25,4.0,0.0,21.75
2026,134,bright_R,50,100,28685.11,26323.16,1.0,9.0,0.0,0.0,0.0,0.0,0.0,0.0,0.0,0.0,0.0,0.0,0.0,0.0,-7.5,4.5,-13.75,16.25,-1.0,0.0,0.0
2026,135,grating_R,50,100,28730.12,28988.24,4.5,9.5,0.0,0.0,0.0,0.0,0.0,0.0,0.0,0.0,0.0,0.0,0.0,0.0,-2.5,3.5,-4.0,15.5,-4.5,0.0,0.0
2026,136,grating_L,50,100,28763.14,29099.74,-1.5,8.5,0.0,0.0,0.0,0.0,0.0,0.0,0.0,0.0,0.0,0.0,0.0,0.0,-3.5,6.5,-5.75,18.25,1.5,0.0,0.0
2026,137,grey,50,100,29491.23,29178.86,2.0,6.0,0.0,0.0,0.0,0.0,0.0,0.0,0.0,0.0,0.0,0.0,0.0,0.0,2.75,9.75,8.25,28.75,-2.0,0.0,8.25
2026,138,grey,50,100,29493.66,29547.32,4.0,8.0,0.0,0.0,0.0,0.0,0.0,0.0,0.0,0.0,0.0,0.0,0.0,0.0,6.5,13.5,10.0,36.5,-4.0,0.0,10.0
2026,139,bright_R,50,100,28580.63,26702.8,2.5,7.5,0.0,0.0,0.0,0.0,0.0,0.0,0.0,0.0,0.0,0.0,0.0,0.0,0.75,6.75,5.25,21.25,-2.5,0.0,5.25
2026,140,bright_L,50,100,28683.66,29055.84,9.5,13.5,0.0,0.0,0.0,0.0,0.0,0.0,0.0,0.0,0.0,0.0,0.0,0.0,-7.25,3.25,-12.5,14.5,-9.5,0.0,0.0
2026,141,bright_R,50,100,28625.51,29159.4,-1.5,7.5,0.0,0.0,0.0,0.0,0.0,0.0,0.0,0.0,0.0,0.0,0.0,0.0,-4.75,4.75,-10.5,15.5,1.5,0.0,0.0
2026,142,grey,50,100,29540.11,28993.64,-0.5,3.5,0.0,0.0,0.0,0.0,0.0,0.0,0.0,0.0,0.0,0.0,0.0,0.0,3.25,12.25,8.5,35.0,0.5,0.0,8.5
2026,143,loom,50,100,27696.81,29567.1,0.0,6.0,0.0,0.0,0.0,0.0,0.0,0.0,0.0,0.0,0.0,0.0,0.0,0.0,1.25,10.25,-1.5,26.5,0.0,0.0,1.25
2026,144,bright_R,50,100,28774.74,29792.7,3.5,8.5,0.0,0.0,0.0,0.0,0.0,0.0,0.0,0.0,0.0,0.0,0.0,0.0,-9.75,8.75,-21.0,25.0,-3.5,0.0,0.0
2026,145,bright_L,50,100,28747.7,28982.98,-0.5,8.5,0.0,0.0,0.0,0.0,0.0,0.0,0.0,0.0,0.0,0.0,0.0,0.0,-1.25,4.75,-3.0,17.0,0.5,0.0,0.0
2026,146,grey,50,100,29526.29,29237.3,-7.5,5.5,0.0,0.0,0.0,0.0,0.0,0.0,0.0,0.0,0.0,0.0,0.0,0.0,-1.75,9.75,0.5,27.0,7.5,0.0,0.5
2026,147,bright_R,50,100,28711.31,29504.2,-1.5,7.5,0.0,0.0,0.0,0.0,0.0,0.0,0.0,0.0,0.0,0.0,0.0,0.0,-6.75,7.75,-14.75,21.25,1.5,0.0,0.0
2026,148,bright_L,50,100,28684.62,29070.62,6.5,10.5,0.0,0.0,0.0,0.0,0.0,0.0,0.0,0.0,0.0,0.0,0.0,0.0,-3.25,5.25,-6.0,19.0,-6.5,0.0,0.0
2026,149,grating_R,50,100,28918.4,29208.18,0.0,7.0,0.0,0.0,0.0,0.0,0.0,0.0,0.0,0.0,0.0,0.0,0.0,0.0,-3.5,4.0,-4.5,17.0,0.0,0.0,0.0
2026,150,bright_R,50,100,28673.99,29130.7,-3.5,7.5,0.0,0.0,0.0,0.0,0.0,0.0,0.0,0.0,0.0,0.0,0.0,0.0,-2.0,5.5,-7.25,16.75,3.5,0.0,0.0
2026,151,bright_R,50,100,28799.4,29118.56,3.5,11.5,0.0,0.0,0.0,0.0,0.0,0.0,0.0,0.0,0.0,0.0,0.0,0.0,-4.75,6.75,-9.5,22.0,-3.5,0.0,0.0
2026,152,bright_R,50,100,28685.87,29086.98,-2.5,7.5,0.0,0.0,0.0,0.0,0.0,0.0,0.0,0.0,0.0,0.0,0.0,0.0,-6.5,6.0,-13.75,19.25,2.5,0.0,0.0
2026,153,disc,50,100,29579.21,29049.12,3.5,7.5,0.0,0.0,0.0,0.0,0.0,0.0,0.0,0.0,0.0,0.0,0.0,0.0,5.75,9.75,10.25,30.25,-3.5,0.0,10.25
2026,154,grating_R,50,100,29053.05,29688.18,5.0,7.0,0.0,0.0,0.0,0.0,0.0,0.0,0.0,0.0,0.0,0.0,0.0,0.0,-8.5,8.0,-16.0,22.5,-5.0,0.0,0.0
2026,155,disc,50,100,28777.5,29295.9,0.0,7.0,0.0,0.0,0.0,0.0,0.0,0.0,0.0,0.0,0.0,0.0,0.0,0.0,2.75,9.25,4.5,24.5,0.0,0.0,4.5
2026,156,disc,50,100,26072.05,22643.92,1.0,8.0,0.0,0.0,0.0,0.0,0.0,0.0,0.0,0.0,0.0,0.0,0.0,0.0,6.0,6.0,15.25,15.25,-1.0,0.0,15.25
2026,157,disc,50,100,29532.22,29599.58,0.5,7.5,0.0,0.0,0.0,0.0,0.0,0.0,0.0,0.0,0.0,0.0,0.0,0.0,-2.75,10.75,-2.5,32.0,-0.5,0.0,0.0
2026,158,disc,50,100,29517.51,29704.2,2.0,7.0,0.0,0.0,0.0,0.0,0.0,0.0,0.0,0.0,0.0,0.0,0.0,0.0,-2.0,16.5,-7.0,38.0,-2.0,0.0,0.0
2026,159,grating_R,50,100,29050.98,29664.56,4.5,9.5,0.0,0.0,0.0,0.0,0.0,0.0,0.0,0.0,0.0,0.0,0.0,0.0,-9.5,6.0,-17.5,23.0,-4.5,0.0,0.0
2026,160,loom,50,100,29719.37,25005.0,-5.5,10.5,0.0,0.0,0.0,0.0,0.0,0.0,0.0,0.0,0.0,0.0,0.0,0.0,14.75,15.25,37.75,43.75,5.5,0.0,37.75
2026,161,bright_R,50,100,27076.19,29772.62,6.0,10.0,0.0,0.0,0.0,0.0,0.0,0.0,0.0,0.0,0.0,0.0,0.0,0.0,-10.5,6.0,-23.5,21.0,-6.0,0.0,0.0
2026,162,grating_L,50,100,28939.58,29177.48,3.0,8.0,0.0,0.0,0.0,0.0,0.0,0.0,0.0,0.0,0.0,0.0,0.0,0.0,-5.75,6.25,-7.75,20.25,-3.0,0.0,0.0
2026,163,disc,50,100,29543.58,29120.82,-0.5,6.5,0.0,0.0,0.0,0.0,0.0,0.0,0.0,0.0,0.0,0.0,0.0,0.0,4.5,12.5,10.5,33.0,0.5,0.0,10.5
2026,164,grey,50,100,29752.92,29658.62,1.5,4.5,0.0,0.0,0.0,0.0,0.0,0.0,0.0,0.0,0.0,0.0,0.0,0.0,4.0,15.5,10.25,39.25,-1.5,0.0,10.25
2026,165,loom,50,100,29813.79,29673.54,5.0,10.0,0.0,0.0,0.0,0.0,0.0,0.0,0.0,0.0,0.0,0.0,0.0,0.0,-0.25,14.75,0.25,39.25,-5.0,0.0,0.25
2026,166,bright_R,50,100,28908.56,29775.44,2.0,9.0,0.0,0.0,0.0,0.0,0.0,0.0,0.0,0.0,0.0,0.0,0.0,0.0,-7.25,8.75,-12.75,26.25,-2.0,0.0,0.0
2026,167,grey,50,100,29626.22,29034.64,-4.0,3.0,0.0,0.0,0.0,0.0,0.0,0.0,0.0,0.0,0.0,0.0,0.0,0.0,4.25,11.75,9.75,30.75,4.0,0.0,9.75
2026,168,grating_R,50,100,28296.15,27227.08,1.5,7.5,0.0,0.0,0.0,0.0,0.0,0.0,0.0,0.0,0.0,0.0,0.0,0.0,0.25,7.25,2.75,22.75,-1.5,0.0,2.75
2026,169,loom,50,100,29812.79,29328.72,-1.0,11.0,0.0,0.0,0.0,0.0,0.0,0.0,0.0,0.0,0.0,0.0,0.0,0.0,0.5,11.5,0.5,33.0,1.0,0.0,0.5
2026,170,grating_R,50,100,28344.82,29777.38,-1.0,8.0,0.0,0.0,0.0,0.0,0.0,0.0,0.0,0.0,0.0,0.0,0.0,0.0,-12.5,6.5,-25.0,20.0,1.0,0.0,0.0
2026,171,bright_L,50,100,28897.11,27684.82,8.5,17.5,0.0,0.0,0.0,0.0,0.0,0.0,0.0,0.0,0.0,0.0,0.0,0.0,-1.0,7.0,4.25,22.25,-8.5,0.0,4.25
2026,172,grey,50,100,29552.95,29311.5,-8.0,8.0,0.0,0.0,0.0,0.0,0.0,0.0,0.0,0.0,0.0,0.0,0.0,0.0,5.75,15.75,10.5,37.5,8.0,0.0,10.5
2026,173,disc,50,100,28496.26,27423.24,-2.0,8.0,0.0,0.0,0.0,0.0,0.0,0.0,0.0,0.0,0.0,0.0,0.0,0.0,-1.25,11.75,-1.5,29.5,2.0,0.0,0.0
2026,174,disc,50,100,29652.63,29728.52,-2.0,7.0,0.0,0.0,0.0,0.0,0.0,0.0,0.0,0.0,0.0,0.0,0.0,0.0,-2.75,10.25,-10.0,29.0,2.0,0.0,0.0
2026,175,loom,50,100,29836.19,29768.6,5.0,6.0,0.0,0.0,0.0,0.0,0.0,0.0,0.0,0.0,0.0,0.0,0.0,0.0,-1.25,13.25,5.5,41.0,-5.0,0.0,5.5
2026,176,loom,50,100,27993.08,29435.24,1.0,9.0,0.0,0.0,0.0,0.0,0.0,0.0,0.0,0.0,0.0,0.0,0.0,0.0,-6.25,10.25,-11.75,28.25,-1.0,0.0,0.0
2026,177,disc,50,100,27517.16,29865.32,-4.0,6.0,0.0,0.0,0.0,0.0,0.0,0.0,0.0,0.0,0.0,0.0,0.0,0.0,-4.5,8.0,-13.25,24.25,4.0,0.0,0.0
2026,178,grating_L,50,100,29270.91,29838.76,4.5,9.5,0.0,0.0,0.0,0.0,0.0,0.0,0.0,0.0,0.0,0.0,0.0,0.0,-2.0,12.0,-2.75,33.25,-4.5,0.0,0.0
2026,179,loom,50,100,29867.9,29542.74,4.0,10.0,0.0,0.0,0.0,0.0,0.0,0.0,0.0,0.0,0.0,0.0,0.0,0.0,6.5,15.0,14.0,39.5,-4.0,0.0,14.0
2026,180,bright_L,50,100,29120.45,29869.16,9.0,12.0,0.0,0.0,0.0,0.0,0.0,0.0,0.0,0.0,0.0,0.0,0.0,0.0,-3.75,14.75,-12.0,34.0,-9.0,0.0,0.0
2026,181,grey,50,100,29725.91,29120.38,-6.5,7.5,0.0,0.0,0.0,0.0,0.0,0.0,0.0,0.0,0.0,0.0,0.0,0.0,2.75,14.75,5.0,35.0,6.5,0.0,5.0
2026,182,bright_L,50,100,29063.32,29711.04,12.0,15.0,0.0,0.0,0.0,0.0,0.0,0.0,0.0,0.0,0.0,0.0,0.0,0.0,-12.5,9.5,-14.5,31.0,-12.0,0.0,0.0
2026,183,grating_R,50,100,29254.59,29385.02,3.5,8.5,0.0,0.0,0.0,0.0,0.0,0.0,0.0,0.0,0.0,0.0,0.0,0.0,-1.25,12.25,-0.25,33.75,-3.5,0.0,0.0
2026,184,disc,50,100,29598.36,28891.5,-2.5,6.5,0.0,0.0,0.0,0.0,0.0,0.0,0.0,0.0,0.0,0.0,0.0,0.0,1.75,11.25,5.5,31.5,2.5,0.0,5.5
2026,185,grating_R,50,100,29395.02,29781.28,2.0,12.0,0.0,0.0,0.0,0.0,0.0,0.0,0.0,0.0,0.0,0.0,0.0,0.0,-13.25,7.25,-28.0,23.5,-2.0,0.0,0.0
2026,186,loom,50,100,29909.51,29472.7,1.0,9.0,0.0,0.0,0.0,0.0,0.0,0.0,0.0,0.0,0.0,0.0,0.0,0.0,4.25,16.25,12.0,43.5,-1.0,0.0,12.0
2026,187,grating_R,50,100,29419.65,29918.08,2.5,8.5,0.0,0.0,0.0,0.0,0.0,0.0,0.0,0.0,0.0,0.0,0.0,0.0,-2.5,10.0,-6.0,29.0,-2.5,0.0,0.0
2026,188,grating_R,50,100,29306.3,29495.58,1.5,7.5,0.0,0.0,0.0,0.0,0.0,0.0,0.0,0.0,0.0,0.0,0.0,0.0,0.0,9.5,-1.0,28.5,-1.5,0.0,0.0
2026,189,bright_L,50,100,29100.63,29496.92,3.0,11.0,0.0,0.0,0.0,0.0,0.0,0.0,0.0,0.0,0.0,0.0,0.0,0.0,-1.5,10.5,-1.75,29.75,-3.0,0.0,0.0
2026,190,grating_R,50,100,29235.75,29439.16,-6.0,4.0,0.0,0.0,0.0,0.0,0.0,0.0,0.0,0.0,0.0,0.0,0.0,0.0,-2.0,11.5,-2.5,31.5,6.0,0.0,0.0
2026,191,loom,50,100,29849.05,29421.02,-4.0,9.0,0.0,0.0,0.0,0.0,0.0,0.0,0.0,0.0,0.0,0.0,0.0,0.0,-3.0,11.5,-2.5,32.0,4.0,0.0,0.0
2026,192,disc,50,100,29678.57,29833.52,-2.5,7.5,0.0,0.0,0.0,0.0,0.0,0.0,0.0,0.0,0.0,0.0,0.0,0.0,-10.0,14.5,-21.5,35.5,2.5,0.0,0.0
2026,193,bright_L,50,100,29251.37,29778.3,0.5,9.5,0.0,0.0,0.0,0.0,0.0,0.0,0.0,0.0,0.0,0.0,0.0,0.0,-12.5,11.5,-20.0,33.0,-0.5,0.0,0.0
2026,194,grey,50,100,29727.17,29397.34,-5.5,7.5,0.0,0.0,0.0,0.0,0.0,0.0,0.0,0.0,0.0,0.0,0.0,0.0,8.0,18.5,18.25,48.75,5.5,0.0,18.25
2026,195,bright_R,50,100,29087.59,29748.0,3.5,10.5,0.0,0.0,0.0,0.0,0.0,0.0,0.0,0.0,0.0,0.0,0.0,0.0,-0.75,8.75,-3.25,25.75,-3.5,0.0,0.0
2026,196,grey,50,100,29708.67,29115.0,2.0,5.0,0.0,0.0,0.0,0.0,0.0,0.0,0.0,0.0,0.0,0.0,0.0,0.0,6.75,15.25,12.25,38.25,-2.0,0.0,12.25
2026,197,bright_R,50,100,29111.22,29715.42,-1.0,10.0,0.0,0.0,0.0,0.0,0.0,0.0,0.0,0.0,0.0,0.0,0.0,0.0,-8.25,7.75,-13.0,25.5,1.0,0.0,0.0
2026,198,bright_R,50,100,29064.7,29231.78,1.0,9.0,0.0,0.0,0.0,0.0,0.0,0.0,0.0,0.0,0.0,0.0,0.0,0.0,-4.25,10.75,-4.0,30.5,-1.0,0.0,0.0
2026,199,disc,50,100,29569.27,29250.94,-1.0,6.0,0.0,0.0,0.0,0.0,0.0,0.0,0.0,0.0,0.0,0.0,0.0,0.0,3.25,12.75,5.75,33.25,1.0,0.0,5.75
2026,200,bright_R,50,100,29191.51,29746.82,-1.5,7.5,0.0,0.0,0.0,0.0,0.0,0.0,0.0,0.0,0.0,0.0,0.0,0.0,-3.0,9.5,-7.5,28.0,1.5,0.0,0.0
2026,201,bright_L,50,100,29141.56,29292.36,1.5,12.5,0.0,0.0,0.0,0.0,0.0,0.0,0.0,0.0,0.0,0.0,0.0,0.0,-2.5,10.0,-1.25,29.25,-1.5,0.0,0.0
2026,202,bright_L,50,100,29128.47,29486.7,1.5,13.5,0.0,0.0,0.0,0.0,0.0,0.0,0.0,0.0,0.0,0.0,0.0,0.0,0.0,13.0,-2.75,32.75,-1.5,0.0,0.0
2026,203,grating_L,50,100,29285.62,29430.5,1.0,10.0,0.0,0.0,0.0,0.0,0.0,0.0,0.0,0.0,0.0,0.0,0.0,0.0,1.5,11.5,3.0,31.5,-1.0,0.0,3.0
2026,204,grating_R,50,100,29266.07,29414.78,0.5,8.5,0.0,0.0,0.0,0.0,0.0,0.0,0.0,0.0,0.0,0.0,0.0,0.0,-4.5,9.0,-2.75,30.75,-0.5,0.0,0.0
2026,205,bright_L,50,100,29159.89,29506.64,6.0,16.0,0.0,0.0,0.0,0.0,0.0,0.0,0.0,0.0,0.0,0.0,0.0,0.0,-0.25,9.25,1.75,28.75,-6.0,0.0,1.75
2026,206,bright_R,50,100,29057.47,29489.74,1.0,10.0,0.0,0.0,0.0,0.0,0.0,0.0,0.0,0.0,0.0,0.0,0.0,0.0,-0.75,9.75,2.75,26.75,-1.0,0.0,2.75
2026,207,bright_R,50,100,29104.83,29218.24,5.0,12.0,0.0,0.0,0.0,0.0,0.0,0.0,0.0,0.0,0.0,0.0,0.0,0.0,-0.5,10.0,-4.5,29.0,-5.0,0.0,0.0
2026,208,loom,50,100,29831.47,29359.36,8.0,12.0,0.0,0.0,0.0,0.0,0.0,0.0,0.0,0.0,0.0,0.0,0.0,0.0,2.75,14.25,1.25,38.75,-8.0,0.0,2.75
2026,209,grating_L,50,100,29433.78,29810.12,2.0,9.0,0.0,0.0,0.0,0.0,0.0,0.0,0.0,0.0,0.0,0.0,0.0,0.0,-5.5,11.0,-7.25,33.25,-2.0,0.0,0.0
